<?xml version='1.0' encoding='UTF-8' ?>
<timeLogEntries>
  <time path="/new&#10;/tI3" flag="R" />
  <time id="10" path="/tI3/PSP0/Planning" start="@1637468510000" interrupt="30" flag="A" />
  <time id="11" path="/tI3/PSP0/Planning" start="@1637554926000" interrupt="120" flag="A" />
  <time id="12" path="/tI3/PSP0/Planning" start="@1637641326000" interrupt="60" flag="A" />
  <time id="13" path="/tI3/PSP0/Planning" start="@1637814126000" interrupt="30" flag="A" />
  <time id="14" path="/tI3/PSP0/Planning" start="@1637900526000" interrupt="45" flag="A" />
  <time id="15" path="/tI3/PSP0/Planning" start="@1638073327000" interrupt="160" flag="A" />
  <time id="16" path="/tI3/PSP0/Planning" start="@1638246127000" interrupt="20" flag="A" />
</timeLogEntries>
