<?xml version='1.0' encoding='UTF-8' ?>
<timeLogEntries>
  <time id="1" path="/Camilo_Gonzalez_Velasco/PSP0/Planning" start="@1631847722881" delta="90" />
  <time id="2" path="/Camilo_Gonzalez_Velasco/PSP0/Planning" start="@1631976612083" delta="26" />
  <time id="3" path="/Camilo_Gonzalez_Velasco/PSP0/Planning" start="@1631979227650" delta="61" interrupt="11" />
  <time id="4" path="/Camilo_Gonzalez_Velasco/PSP0/Planning" start="@1631983979620" delta="26" />
  <time id="5" path="/Camilo_Gonzalez_Velasco/PSP0/Planning" start="@1632032282855" delta="8" />
  <time id="6" path="/Camilo_Gonzalez_Velasco/PSP0/Planning" start="@1632067888606" delta="104" interrupt="11" />
  <time id="7" path="/Camilo_Gonzalez_Velasco/PSP0/Design" start="@1632074864768" delta="2" />
  <time id="8" path="/Camilo_Gonzalez_Velasco/PSP0/Design" start="@1632076538725" delta="7" />
  <time id="9" path="/Camilo_Gonzalez_Velasco/PSP0/Design" start="@1632078807449" delta="13" />
  <time id="10" path="/Camilo_Gonzalez_Velasco/PSP0/Design" start="@1632083808504" delta="28" />
  <time id="11" path="/Camilo_Gonzalez_Velasco/PSP0/Design" start="@1632086045072" delta="36" />
  <time id="12" path="/Camilo_Gonzalez_Velasco/PSP0/Design" start="@1632090087109" delta="34" />
  <time id="13" path="/Camilo_Gonzalez_Velasco/PSP0/Design" start="@1632109795969" delta="28" />
  <time id="14" path="/Camilo_Gonzalez_Velasco/PSP0/Compile" start="@1632111706734" delta="17" />
  <time id="15" path="/Camilo_Gonzalez_Velasco/PSP0/Code" start="@1632112697541" delta="20" />
  <time id="16" path="/Camilo_Gonzalez_Velasco/PSP0/Code" start="@1632327700225" delta="17" />
  <time id="17" path="/Camilo_Gonzalez_Velasco/PSP0/Code" start="@1632347670827" delta="33" />
  <time id="18" path="/Camilo_Gonzalez_Velasco/PSP0/Code" start="@1632367485079" delta="8" />
  <time id="19" path="/Camilo_Gonzalez_Velasco/PSP0/Code" start="@1632369165614" delta="15" />
  <time id="20" path="/Camilo_Gonzalez_Velasco/PSP0/Code" start="@1632498354412" delta="15" />
  <time id="21" path="/Camilo_Gonzalez_Velasco/PSP0/Planning" start="@1632499601731" delta="17" />
  <time id="22" path="/Camilo_Gonzalez_Velasco/PSP0/Design" start="@1632500601116" delta="24" />
  <time id="23" path="/Camilo_Gonzalez_Velasco/PSP0/Planning" start="@1632502053197" delta="18" />
  <time id="24" path="/Camilo_Gonzalez_Velasco/PSP0/Code" start="@1632503161765" delta="7" />
  <time id="25" path="/Camilo_Gonzalez_Velasco/PSP0/Code" start="@1632520681880" delta="12" />
  <time id="26" path="/Camilo_Gonzalez_Velasco/PSP0/Code" start="@1632523954076" delta="6" />
  <time id="27" path="/Camilo_Gonzalez_Velasco/PSP0/Code" start="@1632526011214" delta="94" />
  <time id="28" path="/Camilo_Gonzalez_Velasco/PSP0/Code" start="@1632544099528" delta="3" />
  <time id="29" path="/Camilo_Gonzalez_Velasco/PSP0/Code" start="@1632615569574" delta="43" />
  <time id="30" path="/Camilo_Gonzalez_Velasco/PSP0/Code" start="@1632674233405" delta="1" />
  <time id="31" path="/Camilo_Gonzalez_Velasco/PSP0/Code" start="@1632681930943" delta="9" />
  <time id="32" path="/Camilo_Gonzalez_Velasco/PSP0/Code" start="@1632684241984" delta="107" interrupt="9" />
  <time id="33" path="/Camilo_Gonzalez_Velasco/PSP0/Code" start="@1632692593495" delta="4" />
  <time id="34" path="/Camilo_Gonzalez_Velasco/PSP0/Code" start="@1632706969870" delta="52" />
  <time id="35" path="/Camilo_Gonzalez_Velasco/PSP0/Compile" start="@1632710066961" delta="23" />
  <time id="36" path="/Camilo_Gonzalez_Velasco/PSP0/Code" start="@1632846037113" delta="10" />
  <time id="37" path="/Camilo_Gonzalez_Velasco/PSP0/Code" start="@1632850362416" delta="24" />
  <time id="38" path="/Camilo_Gonzalez_Velasco/PSP0/Compile" start="@1632851822677" delta="8" />
  <time id="39" path="/Camilo_Gonzalez_Velasco/PSP0/Code" start="@1632856903828" delta="46" />
  <time id="40" path="/Camilo_Gonzalez_Velasco/PSP0/Code" start="@1632865288313" delta="4" />
  <time id="41" path="/Camilo_Gonzalez_Velasco/PSP0/Compile" start="@1632865521387" delta="4" />
  <time id="42" path="/Camilo_Gonzalez_Velasco/PSP0/Code" start="@1632865770957" delta="42" />
  <time id="43" path="/Camilo_Gonzalez_Velasco/PSP0/Design" start="@1632875613652" delta="14" />
  <time id="44" path="/Camilo_Gonzalez_Velasco/PSP0/Test" start="@1632884326220" delta="17" />
  <time id="45" path="/Camilo_Gonzalez_Velasco/PSP0/Test" start="@1632886469458" delta="11" />
  <time id="46" path="/Camilo_Gonzalez_Velasco/PSP0/Code" start="@1632887144003" delta="30" />
  <time id="47" path="/Camilo_Gonzalez_Velasco/PSP0/Postmortem" start="@1632888964263" delta="21" />
  <time id="48" path="/TI2_Camilo_Gonzalez_Velasco/PSP0/Planning" start="@1634344998764" delta="18" />
  <time id="49" path="/TI2_Camilo_Gonzalez_Velasco/PSP0/Planning" start="@1634402358237" delta="64" />
  <time id="50" path="/TI2_Camilo_Gonzalez_Velasco/PSP0/Planning" start="@1634406179881" delta="3" />
  <time id="51" path="/TI2_Camilo_Gonzalez_Velasco/PSP0/Code" start="@1634406355430" delta="29" />
  <time id="52" path="/TI2_Camilo_Gonzalez_Velasco/PSP0/Code" start="@1634409339022" delta="31" />
  <time id="53" path="/TI2_Camilo_Gonzalez_Velasco/PSP0/Design" start="@1634420945212" delta="43" />
  <time id="54" path="/TI2_Camilo_Gonzalez_Velasco/PSP0/Design" start="@1634424468284" delta="53" />
  <time id="55" path="/TI2_Camilo_Gonzalez_Velasco/PSP0/Design" start="@1634432716991" delta="20" />
  <time id="56" path="/TI2_Camilo_Gonzalez_Velasco/PSP0/Design" start="@1634484848250" delta="19" />
  <time id="57" path="/TI2_Camilo_Gonzalez_Velasco/PSP0/Design" start="@1634487646389" delta="6" />
  <time id="58" path="/TI2_Camilo_Gonzalez_Velasco/PSP0/Design" start="@1634488684933" delta="4" />
  <time id="59" path="/TI2_Camilo_Gonzalez_Velasco/PSP0/Design" start="@1634495675769" delta="10" interrupt="19" />
  <time id="60" path="/TI2_Camilo_Gonzalez_Velasco/PSP0/Design" start="@1634497913632" delta="13" />
  <time id="61" path="/TI2_Camilo_Gonzalez_Velasco/PSP0/Code" start="@1634807096494" delta="160" />
  <time id="62" path="/TI2_Camilo_Gonzalez_Velasco/PSP0/Planning" start="@1634816778335" delta="2" />
  <time id="63" path="/TI2_Camilo_Gonzalez_Velasco/PSP0/Design" start="@1634816879498" delta="56" />
  <time id="64" path="/TI2_Camilo_Gonzalez_Velasco/PSP0/Code" start="@1634820231365" delta="55" />
  <time id="65" path="/TI2_Camilo_Gonzalez_Velasco/PSP0/Code" start="@1634939349077" delta="61" />
  <time id="66" path="/TI2_Camilo_Gonzalez_Velasco/PSP0/Code" start="@1634944458194" delta="75" />
  <time id="67" path="/TI2_Camilo_Gonzalez_Velasco/PSP0/Code" start="@1635457595614" delta="319" />
  <time id="68" path="/TI2_Camilo_Gonzalez_Velasco/PSP0/Compile" start="@1635476740507" delta="34" />
  <time id="69" path="/TI2_Camilo_Gonzalez_Velasco/PSP0/Code" start="@1635478759384" delta="7" />
  <time id="70" path="/TI2_Camilo_Gonzalez_Velasco/PSP0/Test" start="@1635718350024" delta="7" />
  <time id="71" path="/TI2_Camilo_Gonzalez_Velasco/PSP0/Test" start="@1635719417684" delta="45" />
  <time id="72" path="/TI2_Camilo_Gonzalez_Velasco/PSP0/Test" start="@1635726581721" delta="69" />
  <time id="73" path="/TI2_Camilo_Gonzalez_Velasco/PSP0/Test" start="@1635739750364" delta="4" />
  <time id="74" path="/TI2_Camilo_Gonzalez_Velasco/PSP0/Compile" start="@1635740839283" delta="26" />
  <time id="75" path="/TI2_Camilo_Gonzalez_Velasco/PSP0/Compile" start="@1635744973225" delta="20" />
  <time id="76" path="/TI2_Camilo_Gonzalez_Velasco/PSP0/Code" start="@1635783720793" delta="29" />
  <time id="77" path="/TI2_Camilo_Gonzalez_Velasco/PSP0/Compile" start="@1635785444989" delta="68" />
  <time id="78" path="/TI2_Camilo_Gonzalez_Velasco/PSP0/Code" start="@1635794715525" delta="210" />
  <time id="79" path="/TI2_Camilo_Gonzalez_Velasco/PSP0/Design" start="@1635882910501" delta="109" />
  <time id="80" path="/TI2_Camilo_Gonzalez_Velasco/PSP0/Test" start="@1635904952429" delta="56" />
  <time id="81" path="/TI2_Camilo_Gonzalez_Velasco/PSP0/Postmortem" start="@1635908314770" delta="27" />
  <time id="82" path="/TI3_Camilo_Gonzalez_Velasco/PSP0/Planning" start="@1636908783789" delta="39" />
  <time id="83" path="/TI3_Camilo_Gonzalez_Velasco/PSP0/Design" start="@1636911129668" delta="12" />
  <time id="84" path="/TI3_Camilo_Gonzalez_Velasco/PSP0/Planning" start="@1636911827168" delta="26" />
  <time id="85" path="/TI3_Camilo_Gonzalez_Velasco/PSP0/Design" start="@1636914471408" delta="72" />
  <time id="86" path="/TI3_Camilo_Gonzalez_Velasco/PSP0/Design" start="@1636929956534" delta="328" />
  <time id="87" path="/TI3_Camilo_Gonzalez_Velasco/PSP0/Code" start="@1637695345893" delta="306" interrupt="24" />
  <time id="88" path="/TI3_Camilo_Gonzalez_Velasco/PSP0/Code" start="@1637800687210" delta="38" />
  <time id="89" path="/TI3_Camilo_Gonzalez_Velasco/PSP0/Code" start="@1638327791762" delta="160" />
</timeLogEntries>
